-- ============================================
-- KORPRI BMKG - DUMMY DATA
-- ============================================

-- ============================================
-- 1. ASN EMPLOYEES
-- ============================================
INSERT INTO asn_employees (nip, nama, jabatan, unit_kerja, jenis_kelamin, alamat, no_telepon, email, created_at, updated_at) VALUES
('198501152010011001', 'Budi Santoso', 'Pranata Komputer Muda', 'Pusat Meteorologi Publik', 'L', 'Jl. Merdeka No. 123, Jakarta Pusat', '081234567890', 'budi.santoso@bmkg.go.id', '2025-01-01 00:00:00', '2025-01-01 00:00:00'),
('198802202011011002', 'Siti Aminah', 'Pranata Komputer Ahli Pertama', 'Pusat Klimatologi', 'P', 'Jl. Proklamasi No. 45, Jakarta Pusat', '081234567891', 'siti.aminah@bmkg.go.id', '2025-01-01 00:00:00', '2025-01-01 00:00:00'),
('199003252012021003', 'Ahmad Rizky', 'Perekayasa Utama Madya', 'Pusat Gempabumi & Tsunami', 'L', 'Jl. Angkasa No. 78, Jakarta Timur', '081234567892', 'ahmad.rizky@bmkg.go.id', '2025-01-01 00:00:00', '2025-01-01 00:00:00'),
('199205102013031004', 'Dewi Lestari', 'Peneliti Pertama', 'Pusat Klimatologi', 'P', 'Jl. Sudirman No. 56, Jakarta Selatan', '081234567893', 'dewi.lestari@bmkg.go.id', '2025-01-01 00:00:00', '2025-01-01 00:00:00'),
('198807152009011005', 'Eko Prasetyo', 'Pranata Komputer Muda', 'Stasiun Meteorologi Kemayoran', 'L', 'Jl. Kemayoran No. 23, Jakarta Pusat', '081234567894', 'eko.prasetyo@bmkg.go.id', '2025-01-01 00:00:00', '2025-01-01 00:00:00'),
('199210202015022006', 'Fitri Handayani', 'Peneliti Muda', 'Pusat Meteorologi Publik', 'P', 'Jl. Gatot Subroto No. 89, Jakarta Selatan', '081234567895', 'fitri.handayani@bmkg.go.id', '2025-01-01 00:00:00', '2025-01-01 00:00:00'),
('198512102010011007', 'Gunawan Setiawan', 'Perekayasa Muda', 'Pusat Gempabumi & Tsunami', 'L', 'Jl. MH Thamrin No. 12, Jakarta Pusat', '081234567896', 'gunawan.setiawan@bmkg.go.id', '2025-01-01 00:00:00', '2025-01-01 00:00:00'),
('199009152012031008', 'Hesti Rahayu', 'Pranata Komputer Ahli Pertama', 'Stasiun Meteorologi Halim', 'P', 'Jl. Halim Perdanakusuma, Jakarta Timur', '081234567897', 'hesti.rahayu@bmkg.go.id', '2025-01-01 00:00:00', '2025-01-01 00:00:00'),
('198803202011021009', 'Irwan Kusuma', 'Peneliti Pertama', 'Pusat Klimatologi', 'L', 'Jl. Diponegoro No. 34, Jakarta Pusat', '081234567898', 'irwan.kusuma@bmkg.go.id', '2025-01-01 00:00:00', '2025-01-01 00:00:00'),
('199506252019031010', 'Joko Widodo', 'Pranata Komputer Pemula', 'Pusat Meteorologi Publik', 'L', 'Jl. Rasuna Said No. 67, Jakarta Selatan', '081234567899', 'joko.widodo@bmkg.go.id', '2025-01-01 00:00:00', '2025-01-01 00:00:00'),
('199311202015012011', 'Kartika Sari', 'Peneliti Pemula', 'Stasiun Meteorologi Pondok Cabe', 'P', 'Jl. Pondok Cabe, Tangerang Selatan', '081234567800', 'kartika.sari@bmkg.go.id', '2025-01-01 00:00:00', '2025-01-01 00:00:00'),
('198604152010011012', 'Lukman Hakim', 'Perekayasa Muda', 'Pusat Gempabumi & Tsunami', 'L', 'Jl. Cempaka Putih No. 45, Jakarta Pusat', '081234567801', 'lukman.hakim@bmkg.go.id', '2025-01-01 00:00:00', '2025-01-01 00:00:00'),
('199108202013021013', 'Maya Sari', 'Pranata Komputer Muda', 'Pusat Klimatologi', 'P', 'Jl. Fatmawati No. 78, Jakarta Selatan', '081234567802', 'maya.sari@bmkg.go.id', '2025-01-01 00:00:00', '2025-01-01 00:00:00'),
('199007102012031014', 'Nurul Hidayah', 'Peneliti Muda', 'Pusat Meteorologi Publik', 'P', 'Jl. Panglima Polim No. 23, Jakarta Selatan', '081234567803', 'nurul.hidayah@bmkg.go.id', '2025-01-01 00:00:00', '2025-01-01 00:00:00'),
('198802102011011015', 'Oscar Pratama', 'Pranata Komputer Ahli Pertama', 'Stasiun Meteorologi Soekarno-Hatta', 'L', 'Jl. Soekarno-Hatta, Tangerang', '081234567804', 'oscar.pratama@bmkg.go.id', '2025-01-01 00:00:00', '2025-01-01 00:00:00'),
('199501202019021016', 'Putri Ayu', 'Peneliti Pemula', 'Pusat Klimatologi', 'P', 'Jl. TB Simatupang No. 56, Jakarta Selatan', '081234567805', 'putri.ayu@bmkg.go.id', '2025-01-01 00:00:00', '2025-01-01 00:00:00'),
('198609152010011017', 'Qori Rahman', 'Perekayasa Muda', 'Pusat Gempabumi & Tsunami', 'L', 'Jl. Cawang No. 34, Jakarta Timur', '081234567806', 'qori.rahman@bmkg.go.id', '2025-01-01 00:00:00', '2025-01-01 00:00:00'),
('199212202014021018', 'Rina Melati', 'Pranata Komputer Muda', 'Pusat Meteorologi Publik', 'P', 'Jl. Kelapa Gading, Jakarta Utara', '081234567807', 'rina.melati@bmkg.go.id', '2025-01-01 00:00:00', '2025-01-01 00:00:00'),
('198805102011031019', 'Suryadi', 'Peneliti Pertama', 'Stasiun Meteorologi Cengkareng', 'L', 'Jl. Cengkareng, Jakarta Barat', '081234567808', 'suryadi@bmkg.go.id', '2025-01-01 00:00:00', '2025-01-01 00:00:00'),
('199310202015011020', 'Tina Wulandari', 'Pranata Komputer Pemula', 'Pusat Klimatologi', 'P', 'Jl. Buncit Raya No. 67, Jakarta Selatan', '081234567809', 'tina.wulandari@bmkg.go.id', '2025-01-01 00:00:00', '2025-01-01 00:00:00');

-- ============================================
-- 2. SLIDERS
-- ============================================
INSERT INTO sliders (title, description, image_url, button_text, button_url, card_link, status, order_index, created_at, updated_at) VALUES
('Program Mudik Gratis 2025', 'Daftar sekarang untuk program Mudik Gratis KORPRI BMKG. Kuota terbatas!', 'https://images.unsplash.com/photo-1544620347-c4fd4a3d5957?w=1200&h=400&fit=crop', 'Daftar Sekarang', '/mudikgratis', '/mudikgratis', 'published', 1, '2025-01-01 00:00:00', '2025-01-01 00:00:00'),
('Pelatihan Kompetensi ASN', 'Tingkatkan kompetensi profesional melalui pelatihan bersertifikat', 'https://images.unsplash.com/photo-1524178232363-1fb2b075b655?w=1200&h=400&fit=crop', 'Lihat Detail', '/kegiatan', '/kegiatan', 'published', 2, '2025-01-01 00:00:00', '2025-01-01 00:00:00'),
('Bakti Sosial KORPRI', 'Berbagi kebahagiaan dengan masyarakat melalui berbagai program sosial', 'https://images.unsplash.com/photo-1593113598332-cd288d649433?w=1200&h=400&fit=crop', 'Selengkapnya', '/kegiatan', '/kegiatan', 'published', 3, '2025-01-01 00:00:00', '2025-01-01 00:00:00'),
('Hari KORPRI 2025', 'Merayakan Hari KORPRI dengan berbagai kegiatan bernuansa kekeluargaan', 'https://images.unsplash.com/photo-1517486808906-6ca8b3f04846?w=1200&h=400&fit=crop', 'Lihat Acara', '/kegiatan', '/kegiatan', 'published', 4, '2025-01-01 00:00:00', '2025-01-01 00:00:00');

-- ============================================
-- 3. KEGIATAN (ACTIVITIES)
-- ============================================
INSERT INTO kegiatan (title, description, category, date, location, images, status, created_at, updated_at) VALUES
('Pelatihan Kompetensi Digital ASN', 'Pelatihan intensif untuk meningkatkan kemampuan digital ASN dalam menghadapi era transformasi digital. Mencakup materi dasar-dasar komputer, penggunaan aplikasi perkantoran, dan pengelolaan data.', 'pelatihan', '2025-02-15', 'Aula BMKG Pusat', '["https://images.unsplash.com/photo-1524178232363-1fb2b075b655?w=600&h=400&fit=crop"]', 'published', '2025-01-01 00:00:00', '2025-01-01 00:00:00'),
('Hari KORPRI 2025 - Tema "Solidaritas Tumbuhkan Persatuan"', 'Peringatan Hari KORPRI ke-54 dengan berbagai kegiatan seperti upacara bendera, lomba kebersamaan, dan bakti sosial untuk mempererat tali silaturahmi antar anggota.', 'olahraga', '2025-01-29', 'Halaman Kantor BMKG Pusat', '["https://images.unsplash.com/photo-1517486808906-6ca8b3f04846?w=600&h=400&fit=crop"]', 'published', '2025-01-01 00:00:00', '2025-01-01 00:00:00'),
('Baksos Pemberian Sembako', 'Program bakti sosial berupa pembagian paket sembako kepada masyarakat sekitar kantor BMKG yang membutuhkan. Sebanyak 500 paket sembako akan dibagikan secara gratis.', 'baksos', '2025-02-20', 'Lingkungan Sekitar BMKG', '["https://images.unsplash.com/photo-1593113598332-cd288d649433?w=600&h=400&fit=crop"]', 'published', '2025-01-01 00:00:00', '2025-01-01 00:00:00'),
('Lomba Cerdas Cermat KORPRI', 'Kompetisi cerdas cermat antar unit kerja untuk menguji pengetahuan tentang ke-KORPRI-an, regulasi, dan program kerja BMKG. Lomba ini bertujuan meningkatkan wawasan dan soliditas antar anggota.', 'perlombaan', '2025-03-10', 'Aula BMKG Pusat', '["https://images.unsplash.com/photo-1517486808906-6ca8b3f04846?w=600&h=400&fit=crop"]', 'published', '2025-01-01 00:00:00', '2025-01-01 00:00:00'),
('Senam Sehat Bersama', 'Kegiatan senam sehat rutin setiap hari Jumat pagi untuk menjaga kesehatan dan kebugaran fisik seluruh anggota KORPRI BMKG. Terbuka untuk seluruh pegawai dan keluarga.', 'olahraga', '2025-01-10', 'Lapangan BMKG', '["https://images.unsplash.com/photo-1571019614242-c5c5dee9f50b?w=600&h=400&fit=crop"]', 'published', '2025-01-01 00:00:00', '2025-01-01 00:00:00');

-- ============================================
-- 4. PROGRAM
-- ============================================
INSERT INTO program (title, description, category, registration_link, status, created_at, updated_at) VALUES
('Program Mudik Gratis 2025', 'Program Mudik Gratis KORPRI BMKG untuk membantu anggota mudik Lebaran dengan menggunakan bus AKAP. Tersedia tujuan ke berbagai kota di Jawa dan Sumatera. Pendaftaran mulai 1 Februari 2025.', 'mudik', '/mudikgratis', 'published', '2025-01-01 00:00:00', '2025-01-01 00:00:00'),
('Program Kesejahteraan Pegawai', 'Program peningkatan kesejahteraan pegawai melalui berbagai fasilitas seperti bantuan kesehatan, beasiswa pendidikan anak, dan program pensiun dini. Tujuannya untuk meningkatkan kualitas hidup ASN.', 'kesejahteraan', NULL, 'published', '2025-01-01 00:00:00', '2025-01-01 00:00:00'),
('Pelatihan Kepemimpinan ASN', 'Program pelatihan kepemimpinan untuk ASN tingkat madya dan pratama. Mencakup materi manajemen SDM, komunikasi efektif, dan pengambilan keputusan strategis.', 'pelatihan', '/kegiatan', 'published', '2025-01-01 00:00:00', '2025-01-01 00:00:00'),
('Program Asuransi Kesehatan', 'Program asuransi kesehatan komprehensif untuk seluruh anggota KORPRI BMKG dan keluarga inti. Meliputi rawat inap, rawat jalan, dan pemeriksaan kesehatan berkala.', 'kesejahteraan', NULL, 'published', '2025-01-01 00:00:00', '2025-01-01 00:00:00'),
('Pelatihan Teknis Meteorologi', 'Program pelatihan teknis untuk meningkatkan kompetensi dalam bidang meteorologi, klimatologi, dan geofisika. Dibuka untuk seluruh staf teknis BMKG.', 'pelatihan', '/kegiatan', 'published', '2025-01-01 00:00:00', '2025-01-01 00:00:00');

-- ============================================
-- 5. PERATURAN
-- ============================================
INSERT INTO peraturan (title, description, category, file_url, status, created_at, updated_at) VALUES
('PP No. 94 Tahun 2021 tentang Disiplin PNS', 'Peraturan Pemerintah mengenai ketentuan disiplin Pegawai Negeri Sipil termasuk larangan, kewajiban, dan sanksi pelanggaran.', 'disiplin', 'https://www.bkn.go.id/pp-94-2021.pdf', 'published', '2025-01-01 00:00:00', '2025-01-01 00:00:00'),
('UU No. 5 Tahun 2014 tentang ASN', 'Undang-Undang dasar yang mengatur tentang Aparatur Sipil Negara mencakup prinsip dasar, kedudukan, dan fungsi ASN.', 'umum', 'https://www.bkn.go.id/uu-5-2014.pdf', 'published', '2025-01-01 00:00:00', '2025-01-01 00:00:00'),
('PP No. 11 Tahun 2017 tentang Manajemen PNS', 'Peraturan Pemerintah tentang manajemen Pegawai Negeri Sipil meliputi pengadaan, pengembangan karier, dan penilaian kinerja.', 'manajemen', 'https://www.bkn.go.id/pp-11-2017.pdf', 'published', '2025-01-01 00:00:00', '2025-01-01 00:00:00'),
('Peraturan KORPRI tentang Kode Etik', 'Peraturan organisasi KORPRI mengenai kode etik dan perilaku anggota dalam menjalankan tugas dan kehidupan sehari-hari.', 'etik', 'https://www.korpri.go.id/kode-etik.pdf', 'published', '2025-01-01 00:00:00', '2025-01-01 00:00:00'),
('PP No. 15 Tahun 2019 tentang Pengadaan PNS', 'Peraturan Pemerintah mengenai tata cara pengadaan Pegawai Negeri Sipil dari pelamar umum melalui seleksi CPNS dan PPPK.', 'rekrutmen', 'https://www.bkn.go.id/pp-15-2019.pdf', 'published', '2025-01-01 00:00:00', '2025-01-01 00:00:00');

-- ============================================
-- 6. MUDIKGRATIS CITIES
-- ============================================
INSERT INTO mudikgratis_cities (name, province, status, created_at, updated_at) VALUES
('Jakarta', 'DKI Jakarta', 'active', '2025-01-01 00:00:00', '2025-01-01 00:00:00'),
('Bandung', 'Jawa Barat', 'active', '2025-01-01 00:00:00', '2025-01-01 00:00:00'),
('Semarang', 'Jawa Tengah', 'active', '2025-01-01 00:00:00', '2025-01-01 00:00:00'),
('Yogyakarta', 'D.I. Yogyakarta', 'active', '2025-01-01 00:00:00', '2025-01-01 00:00:00'),
('Surabaya', 'Jawa Timur', 'active', '2025-01-01 00:00:00', '2025-01-01 00:00:00'),
('Solo', 'Jawa Tengah', 'active', '2025-01-01 00:00:00', '2025-01-01 00:00:00'),
('Malang', 'Jawa Timur', 'active', '2025-01-01 00:00:00', '2025-01-01 00:00:00'),
('Pekalongan', 'Jawa Tengah', 'active', '2025-01-01 00:00:00', '2025-01-01 00:00:00'),
('Cirebon', 'Jawa Barat', 'active', '2025-01-01 00:00:00', '2025-01-01 00:00:00'),
('Tegal', 'Jawa Tengah', 'active', '2025-01-01 00:00:00', '2025-01-01 00:00:00'),
('Kudus', 'Jawa Tengah', 'active', '2025-01-01 00:00:00', '2025-01-01 00:00:00'),
('Purwokerto', 'Jawa Tengah', 'active', '2025-01-01 00:00:00', '2025-01-01 00:00:00'),
('Madiun', 'Jawa Timur', 'active', '2025-01-01 00:00:00', '2025-01-01 00:00:00'),
('Kediri', 'Jawa Timur', 'active', '2025-01-01 00:00:00', '2025-01-01 00:00:00'),
('Jember', 'Jawa Timur', 'active', '2025-01-01 00:00:00', '2025-01-01 00:00:00');

-- ============================================
-- 7. MUDIKGRATIS BUSES
-- ============================================
INSERT INTO mudikgratis_buses (bus_number, plate_number, bus_operator, total_seats, available_seats, status, created_at, updated_at) VALUES
('BUS001', 'B 1234 ABA', 'PO. Harapan Jaya', 45, 45, 'available', '2025-01-01 00:00:00', '2025-01-01 00:00:00'),
('BUS002', 'B 2345 ABA', 'PO. Harapan Jaya', 45, 45, 'available', '2025-01-01 00:00:00', '2025-01-01 00:00:00'),
('BUS003', 'B 3456 ABC', 'PO. Rosalia Indah', 40, 40, 'available', '2025-01-01 00:00:00', '2025-01-01 00:00:00'),
('BUS004', 'B 4567 ABC', 'PO. Rosalia Indah', 40, 40, 'available', '2025-01-01 00:00:00', '2025-01-01 00:00:00'),
('BUS005', 'D 5678 ABA', 'PO. Cititrans', 50, 50, 'available', '2025-01-01 00:00:00', '2025-01-01 00:00:00'),
('BUS006', 'D 6789 ABA', 'PO. Cititrans', 50, 50, 'available', '2025-01-01 00:00:00', '2025-01-01 00:00:00'),
('BUS007', 'L 7890 ABA', 'PO. Sumber Alam', 40, 40, 'available', '2025-01-01 00:00:00', '2025-01-01 00:00:00'),
('BUS008', 'L 8901 ABA', 'PO. Sumber Alam', 40, 40, 'available', '2025-01-01 00:00:00', '2025-01-01 00:00:00'),
('BUS009', 'AD 9012 ABA', 'PO. Pahala Kencana', 45, 45, 'available', '2025-01-01 00:00:00', '2025-01-01 00:00:00'),
('BUS010', 'AD 0123 ABA', 'PO. Pahala Kencana', 45, 45, 'available', '2025-01-01 00:00:00', '2025-01-01 00:00:00'),
('BUS011', 'H 1234 ABA', 'PO. Nusantara', 40, 40, 'available', '2025-01-01 00:00:00', '2025-01-01 00:00:00'),
('BUS012', 'H 2345 ABA', 'PO. Nusantara', 40, 40, 'available', '2025-01-01 00:00:00', '2025-01-01 00:00:00'),
('BUS013', 'B 3456 ABA', 'PO. Harapan Jaya', 45, 45, 'available', '2025-01-01 00:00:00', '2025-01-01 00:00:00'),
('BUS014', 'B 4567 ABA', 'PO. Harapan Jaya', 45, 45, 'available', '2025-01-01 00:00:00', '2025-01-01 00:00:00'),
('BUS015', 'D 5678 ABC', 'PO. Rosalia Indah', 40, 40, 'available', '2025-01-01 00:00:00', '2025-01-01 00:00:00');

-- ============================================
-- 8. MUDIKGRATIS STOPS
-- ============================================
INSERT INTO mudikgratis_stops (city_id, stop_name, stop_location, stop_order, status, created_at, updated_at) VALUES
(1, 'Halte BMKG Pusat', 'Jl. Angkasa I No. 2, Kemayoran, Jakarta Pusat', 1, 'active', '2025-01-01 00:00:00', '2025-01-01 00:00:00'),
(1, 'Terminal Bus Pulo Gadung', 'Jl. Bekasi Raya No. 1, Pulo Gadung, Jakarta Timur', 2, 'active', '2025-01-01 00:00:00', '2025-01-01 00:00:00'),
(1, 'Terminal Lebak Bulus', 'Jl. Lebak Bulus I, Cilandak, Jakarta Selatan', 3, 'active', '2025-01-01 00:00:00', '2025-01-01 00:00:00'),
(2, 'Terminal Cicaheum', 'Jl. Terusan Cicaheum No. 23, Bandung', 1, 'active', '2025-01-01 00:00:00', '2025-01-01 00:00:00'),
(3, 'Terminal Terboyo', 'Jl. Garuda No. 1, Semarang Utara', 1, 'active', '2025-01-01 00:00:00', '2025-01-01 00:00:00'),
(4, 'Terminal Giwangan', 'Jl. Solo Km. 10, Yogyakarta', 1, 'active', '2025-01-01 00:00:00', '2025-01-01 00:00:00'),
(5, 'Terminal Bungurasih', 'Jl. Bungurasih No. 1, Waru, Sidoarjo', 1, 'active', '2025-01-01 00:00:00', '2025-01-01 00:00:00'),
(6, 'Terminal Tirtonadi', 'Jl. A. Yani No. 1, Solo', 1, 'active', '2025-01-01 00:00:00', '2025-01-01 00:00:00'),
(7, 'Terminal Arjosari', 'Jl. A. Yani No. 39, Malang', 1, 'active', '2025-01-01 00:00:00', '2025-01-01 00:00:00'),
(8, 'Terminal Kajen', 'Jl. Pemuda No. 1, Pekalongan', 1, 'active', '2025-01-01 00:00:00', '2025-01-01 00:00:00'),
(9, 'Terminal Harjamukti', 'Jl. Tuparev No. 2, Cirebon', 1, 'active', '2025-01-01 00:00:00', '2025-01-01 00:00:00'),
(10, 'Terminal Tegal', 'Jl. Martoloyo No. 1, Tegal', 1, 'active', '2025-01-01 00:00:00', '2025-01-01 00:00:00'),
(11, 'Terminal Induk Kudus', 'Jl. Sunan Muria No. 1, Kudus', 1, 'active', '2025-01-01 00:00:00', '2025-01-01 00:00:00'),
(12, 'Terminal Bulupitu', 'Jl. Jend. Sudirman, Purwokerto', 1, 'active', '2025-01-01 00:00:00', '2025-01-01 00:00:00'),
(13, 'Terminal Madiun', 'Jl. Serayu No. 1, Madiun', 1, 'active', '2025-01-01 00:00:00', '2025-01-01 00:00:00'),
(14, 'Terminal Kediri', 'Jl. Dhoho No. 1, Kediri', 1, 'active', '2025-01-01 00:00:00', '2025-01-01 00:00:00'),
(15, 'Terminal Tawang Alun', 'Jl. Gajah Mada No. 1, Jember', 1, 'active', '2025-01-01 00:00:00', '2025-01-01 00:00:00');

-- ============================================
-- 9. MUDIKGRATIS PARTICIPANTS (ASN)
-- ============================================
INSERT INTO mudikgratis_participants (name, nik, registration_type, nip, phone_number, email, departure_city_id, destination_city_id, departure_stop_id, destination_stop_id, departure_date, passenger_count, is_ada, family_companion, status, registration_date, created_at, updated_at) VALUES
('Budi Santoso', '3171234567890001', 'asn', '198501152010011001', '081234567890', 'budi.santoso@bmkg.go.id', 1, 3, 1, 5, '2025-03-28', 3, 1, 0, 'pending', '2025-02-01 10:00:00', '2025-02-01 10:00:00', '2025-02-01 10:00:00'),
('Siti Aminah', '3171234567890002', 'asn', '198802202011011002', '081234567891', 'siti.aminah@bmkg.go.id', 1, 4, 2, 6, '2025-03-28', 4, 1, 1, 'approved', '2025-02-01 11:00:00', '2025-02-01 11:00:00', '2025-02-02 09:00:00'),
('Ahmad Rizky', '3171234567890003', 'asn', '199003252012021003', '081234567892', 'ahmad.rizky@bmkg.go.id', 1, 5, 1, 7, '2025-03-27', 2, 1, 0, 'approved', '2025-02-01 12:00:00', '2025-02-01 12:00:00', '2025-02-02 10:00:00'),
('Dewi Lestari', '3171234567890004', 'asn', '199205102013031004', '081234567893', 'dewi.lestari@bmkg.go.id', 1, 2, 3, 4, '2025-03-29', 3, 1, 1, 'pending', '2025-02-01 13:00:00', '2025-02-01 13:00:00', '2025-02-01 13:00:00'),
('Eko Prasetyo', '3171234567890005', 'asn', '198807152009011005', '081234567894', 'eko.prasetyo@bmkg.go.id', 1, 3, 1, 5, '2025-03-28', 5, 0, 1, 'pending', '2025-02-01 14:00:00', '2025-02-01 14:00:00', '2025-02-01 14:00:00'),
('Fitri Handayani', '3171234567890006', 'asn', '199210202015022006', '081234567895', 'fitri.handayani@bmkg.go.id', 1, 6, 2, 8, '2025-03-27', 2, 1, 0, 'approved', '2025-02-01 15:00:00', '2025-02-01 15:00:00', '2025-02-02 11:00:00'),
('Gunawan Setiawan', '3171234567890007', 'asn', '198512102010011007', '081234567896', 'gunawan.setiawan@bmkg.go.id', 1, 4, 1, 6, '2025-03-28', 4, 1, 1, 'pending', '2025-02-01 16:00:00', '2025-02-01 16:00:00', '2025-02-01 16:00:00'),
('Hesti Rahayu', '3171234567890008', 'asn', '199009152012031008', '081234567897', 'hesti.rahayu@bmkg.go.id', 1, 7, 3, 9, '2025-03-29', 3, 1, 0, 'pending', '2025-02-01 17:00:00', '2025-02-01 17:00:00', '2025-02-01 17:00:00'),
('Irwan Kusuma', '3171234567890009', 'asn', '198803202011021009', '081234567898', 'irwan.kusuma@bmkg.go.id', 1, 2, 1, 4, '2025-03-28', 2, 1, 1, 'approved', '2025-02-01 18:00:00', '2025-02-01 18:00:00', '2025-02-02 12:00:00'),
('Joko Widodo', '3171234567890010', 'asn', '199506252019031010', '081234567899', 'joko.widodo@bmkg.go.id', 1, 3, 2, 5, '2025-03-27', 3, 0, 1, 'pending', '2025-02-02 08:00:00', '2025-02-02 08:00:00', '2025-02-02 08:00:00');

-- ============================================
-- 10. MUDIKGRATIS PARTICIPANTS (NON-ASN)
-- ============================================
INSERT INTO mudikgratis_participants (name, nik, registration_type, nip, phone_number, email, departure_city_id, destination_city_id, departure_stop_id, destination_stop_id, departure_date, passenger_count, is_ada, family_companion, status, registration_date, created_at, updated_at) VALUES
('Slamet Riyadi', '3171234567890020', 'non_asn', NULL, '081234567820', 'slamet.riyadi@gmail.com', 1, 3, 1, 5, '2025-03-28', 4, 0, 1, 'pending', '2025-02-02 09:00:00', '2025-02-02 09:00:00', '2025-02-02 09:00:00'),
('Rina Wati', '3171234567890021', 'non_asn', NULL, '081234567821', 'rina.wati@yahoo.com', 1, 4, 2, 6, '2025-03-28', 3, 0, 1, 'pending', '2025-02-02 10:00:00', '2025-02-02 10:00:00', '2025-02-02 10:00:00'),
('Agus Supriyadi', '3171234567890022', 'non_asn', NULL, '081234567822', 'agus.supriyadi@gmail.com', 1, 5, 1, 7, '2025-03-27', 5, 0, 1, 'pending', '2025-02-02 11:00:00', '2025-02-02 11:00:00', '2025-02-02 11:00:00'),
('Dewi Kartika', '3171234567890023', 'non_asn', NULL, '081234567823', 'dewi.kartika@gmail.com', 1, 2, 3, 4, '2025-03-29', 2, 0, 1, 'pending', '2025-02-02 12:00:00', '2025-02-02 12:00:00', '2025-02-02 12:00:00'),
('Bambang Sutrisno', '3171234567890024', 'non_asn', NULL, '081234567824', 'bambang.sutrisno@yahoo.com', 1, 6, 2, 8, '2025-03-28', 4, 0, 1, 'pending', '2025-02-02 13:00:00', '2025-02-02 13:00:00', '2025-02-02 13:00:00');

-- ============================================
-- 11. MUDIKGRATIS FAMILY MEMBERS
-- ============================================
INSERT INTO mudikgratis_family_members (participant_id, name, nik, relationship, age, created_at, updated_at) VALUES
(2, 'Ahmad Fikri', '3171234567891001', 'Suami', 35, '2025-02-01 11:00:00', '2025-02-01 11:00:00'),
(2, 'Aisyah Putri', '3171234567891002', 'Anak', 8, '2025-02-01 11:00:00', '2025-02-01 11:00:00'),
(3, 'Siti Nurhaliza', '3171234567892001', 'Istri', 30, '2025-02-01 12:00:00', '2025-02-01 12:00:00'),
(4, 'Rahmat Hidayat', '3171234567893001', 'Suami', 38, '2025-02-01 13:00:00', '2025-02-01 13:00:00'),
(5, 'Rina Sari', '3171234567894001', 'Istri', 32, '2025-02-01 14:00:00', '2025-02-01 14:00:00'),
(7, 'Dian Pratama', '3171234567895001', 'Suami', 40, '2025-02-01 16:00:00', '2025-02-01 16:00:00'),
(7, 'Rizky Ananda', '3171234567895002', 'Anak', 10, '2025-02-01 16:00:00', '2025-02-01 16:00:00'),
(9, 'Fitri Ayu', '3171234567896001', 'Istri', 29, '2025-02-01 18:00:00', '2025-02-01 18:00:00'),
(10, 'Maya Sari', '3171234567897001', 'Istri', 27, '2025-02-02 08:00:00', '2025-02-02 08:00:00'),
(11, 'Budi Santoso', '3171234567898001', 'Suami', 42, '2025-02-02 09:00:00', '2025-02-02 09:00:00'),
(11, 'Dewi Lestari', '3171234567898002', 'Anak', 12, '2025-02-02 09:00:00', '2025-02-02 09:00:00'),
(12, 'Rudi Hartono', '3171234567899001', 'Suami', 36, '2025-02-02 10:00:00', '2025-02-02 10:00:00'),
(13, 'Yuli Astuti', '3171234567900001', 'Istri', 34, '2025-02-02 11:00:00', '2025-02-02 11:00:00'),
(13, 'Rendra Pratama', '3171234567900002', 'Anak', 6, '2025-02-02 11:00:00', '2025-02-02 11:00:00'),
(13, 'Siti Aisyah', '3171234567900003', 'Anak', 4, '2025-02-02 11:00:00', '2025-02-02 11:00:00'),
(14, 'Agus Setiawan', '3171234567901001', 'Suami', 39, '2025-02-02 12:00:00', '2025-02-02 12:00:00'),
(15, 'Dedi Mulyadi', '3171234567902001', 'Suami', 45, '2025-02-02 13:00:00', '2025-02-02 13:00:00'),
(15, 'Ratna Sari', '3171234567902002', 'Anak', 15, '2025-02-02 13:00:00', '2025-02-02 13:00:00');

-- ============================================
-- 12. MUDIKGRATIS REREGISTRATION PERIODS
-- ============================================
INSERT INTO mudikgratis_reregistration_periods (name, start_date, end_date, description, status, created_at, updated_at) VALUES
('Gelombang 1 - Reregistrasi', '2025-04-01 08:00:00', '2025-04-07 23:59:59', 'Periode reregistrasi gelombang pertama untuk pendaftar yang telah disetujui', 'active', '2025-01-01 00:00:00', '2025-01-01 00:00:00'),
('Gelombang 2 - Reregistrasi', '2025-04-08 08:00:00', '2025-04-14 23:59:59', 'Periode reregistrasi gelombang kedua untuk pendaftar yang belum melakukan reregistrasi', 'upcoming', '2025-01-01 00:00:00', '2025-01-01 00:00:00');

-- ============================================
-- 13. MUDIKGRATIS REREGISTRATIONS
-- ============================================
INSERT INTO mudikgratis_reregistrations (participant_id, reregistration_period_id, reconfirmed, confirmation_date, departure_city_id, destination_city_id, departure_stop_id, destination_stop_id, departure_date, passenger_count, created_at, updated_at) VALUES
(2, 1, 1, '2025-04-02 10:30:00', 1, 4, 2, 6, '2025-03-28', 4, '2025-04-02 10:30:00', '2025-04-02 10:30:00'),
(3, 1, 1, '2025-04-03 14:20:00', 1, 5, 1, 7, '2025-03-27', 2, '2025-04-03 14:20:00', '2025-04-03 14:20:00'),
(6, 1, 1, '2025-04-04 09:15:00', 1, 6, 2, 8, '2025-03-27', 2, '2025-04-04 09:15:00', '2025-04-04 09:15:00'),
(9, 1, 0, NULL, NULL, NULL, NULL, NULL, NULL, NULL, '2025-04-05 11:00:00', '2025-04-05 11:00:00');

-- ============================================
-- 14. MUDIKGRATIS BUS ALLOCATIONS
-- ============================================
INSERT INTO mudikgratis_bus_allocations (bus_id, departure_city_id, destination_city_id, departure_date, departure_time, assigned_seats, status, created_at, updated_at) VALUES
(1, 1, 3, '2025-03-28', '06:00:00', 20, 'allocated', '2025-02-02 09:00:00', '2025-02-02 09:00:00'),
(2, 1, 4, '2025-03-28', '06:00:00', 25, 'allocated', '2025-02-02 10:00:00', '2025-02-02 10:00:00'),
(3, 1, 5, '2025-03-27', '07:00:00', 15, 'allocated', '2025-02-02 11:00:00', '2025-02-02 11:00:00'),
(4, 1, 2, '2025-03-29', '06:00:00', 18, 'allocated', '2025-02-02 12:00:00', '2025-02-02 12:00:00'),
(5, 1, 6, '2025-03-27', '07:00:00', 20, 'allocated', '2025-02-02 13:00:00', '2025-02-02 13:00:00');

-- ============================================
-- 15. MUDIKGRATIS SETTINGS
-- ============================================
INSERT INTO mudikgratis_settings (setting_key, setting_value, description, created_at, updated_at) VALUES
('registration_open', 'true', 'Status pendaftaran mudik gratis', '2025-01-01 00:00:00', '2025-01-01 00:00:00'),
('max_family_members', '3', 'Jumlah maksimal anggota keluarga yang dapat didaftarkan', '2025-01-01 00:00:00', '2025-01-01 00:00:00'),
('max_passenger_count', '5', 'Jumlah maksimal total penumpang termasuk pendaftar', '2025-01-01 00:00:00', '2025-01-01 00:00:00'),
('contact_person', '0812-3456-7890', 'Nomor kontak person untuk informasi mudik gratis', '2025-01-01 00:00:00', '2025-01-01 00:00:00'),
('contact_email', 'mudikgratis@korpri.bmkg.go.id', 'Email kontak untuk informasi mudik gratis', '2025-01-01 00:00:00', '2025-01-01 00:00:00'),
('terms_and_conditions', 'Pendaftaran mudik gratis terbuka untuk seluruh anggota KORPRI BMKG dan non-ASN (Honorer, PNPM, Security, OB, Taman). Setiap pendaftar wajib mengisi data dengan benar dan dapat dipertanggungjawabkan. Kuota terbatas dan pendaftaran akan ditutup jika kuota terpenuhi.', 'Syarat dan ketentuan pendaftaran mudik gratis', '2025-01-01 00:00:00', '2025-01-01 00:00:00');
